23.16026273,0.018398714,23.16026273,0.019630095
55.8188425,0.014715011,55.8188425,0.015946392
56.31672474,0.016065863,56.31672474,0.017297244
90.24740212,0.015174614,90.24740212,0.016405995
94.65567922,0.016668318,94.65567922,0.017899699
122.6601467,0.014605551,122.6601467,0.015836932
139.432288,0.013935124,139.432288,0.015166505
144.5089494,0.014613837,144.5089494,0.015845218
187.0225937,0.013514387,187.0225937,0.014745768
192.5120373,0.016040035,192.5120373,0.017271416
225.3672924,0.013221371,225.3672924,0.014452752
230.7949221,0.013513058,230.7949221,0.014744439
265.5088412,0.015090199,265.5088412,0.01632158
281.9938974,0.014020172,281.9938974,0.015251553
295.299343,0.014873425,295.299343,0.016104806
346.9158923,0.015294047,346.9158923,0.016525428
353.8994786,0.01408009,353.8994786,0.015311471
358.6739397,0.013985373,358.6739397,0.015216754
373.1963943,0.014764606,373.1963943,0.015995987
405.7484311,0.01490504,405.7484311,0.016136421
408.6778891,0.01473455,408.6778891,0.015965931
410.775648,0.015620804,410.775648,0.016852185
468.5272915,0.014341996,468.5272915,0.015573377
482.3492056,0.014788008,482.3492056,0.016019389
510.3324025,0.013479883,510.3324025,0.014711264
530.3460761,0.014430711,530.3460761,0.015662092
551.1686613,0.014224114,551.1686613,0.015455495
568.7545223,0.014368634,568.7545223,0.015600015
576.0975483,0.013866317,576.0975483,0.015097698
594.1180298,0.014411384,594.1180298,0.015642765
614.6732252,0.014702339,614.6732252,0.01593372
621.4071362,0.014322137,621.4071362,0.015553518
649.277671,0.014609435,649.277671,0.015840816
679.7358506,0.015253769,679.7358506,0.01648515
699.020454,0.015029889,699.020454,0.01626127
715.3722024,0.014609495,715.3722024,0.015840876
720.8803426,0.014474188,720.8803426,0.015705569
729.2043246,0.015740526,729.2043246,0.016971907
779.9136691,0.015451872,779.9136691,0.016683253
813.0931233,0.013753651,813.0931233,0.014985032
816.9567495,0.014218214,816.9567495,0.015449595
822.9480559,0.01415741,822.9480559,0.015388791
843.4507886,0.01387204,843.4507886,0.015103421
885.4297925,0.014074965,885.4297925,0.015306346
900.2445787,0.014105535,900.2445787,0.015336916
920.6961308,0.013473324,920.6961308,0.014704705
958.4671088,0.0135393,958.4671088,0.014770681
968.3611109,0.014530952,968.3611109,0.015762333
1003.674967,0.013987,1003.674967,0.015218381
1007.765722,0.014120619,1007.765722,0.015352
1020.161926,0.015044452,1020.161926,0.016275833
1030.665011,0.014538405,1030.665011,0.015769786
1079.144771,0.014863362,1079.144771,0.016094743
1080.702538,0.014246159,1080.702538,0.01547754
1096.518965,0.01403944,1096.518965,0.015270821
1110.080968,0.013607838,1110.080968,0.014839219
1147.310503,0.014717122,1147.310503,0.015948503
1147.41815,0.013848941,1147.41815,0.015080322
1179.492571,0.014871009,1179.492571,0.01610239
1195.503708,0.014588065,1195.503708,0.015819446
1226.492381,0.01396275,1226.492381,0.015194131
1239.061169,0.014322574,1239.061169,0.015553955
1261.88679,0.013718258,1261.88679,0.014949639
1275.929717,0.014922301,1275.929717,0.016153682
1297.855746,0.014557558,1297.855746,0.015788939
1307.746428,0.013833789,1307.746428,0.01506517
1341.299715,0.014609406,1341.299715,0.015840787
1364.073827,0.013556034,1364.073827,0.014787415
1377.237146,0.014315953,1377.237146,0.015547334
1388.674497,0.013872527,1388.674497,0.015103908
1405.290467,0.014778277,1405.290467,0.016009658
1415.710558,0.014393337,1415.710558,0.015624718
1451.435806,0.013851111,1451.435806,0.015082492
1458.536558,0.014028244,1458.536558,0.015259625
1497.662677,0.01323086,1497.662677,0.014462241
1512.665275,0.014361962,1512.665275,0.015593343
1546.253223,0.014216602,1546.253223,0.015447983
1549.837031,0.014327708,1549.837031,0.015559089
1583.349849,0.01437969,1583.349849,0.015611071
1604.953984,0.015304114,1604.953984,0.016535495
1606.258531,0.014755782,1606.258531,0.015987163
1621.724282,0.013673978,1621.724282,0.014905359
1674.162298,0.013411686,1674.162298,0.014643067
1678.873562,0.014902816,1678.873562,0.016134197
1688.248174,0.014066446,1688.248174,0.015297827
1712.881068,0.014337804,1712.881068,0.015569185
1737.934001,0.014013034,1737.934001,0.015244415
1740.113994,0.013739496,1740.113994,0.014970877
1770.700221,0.014387672,1770.700221,0.015619053
1772.794514,0.014273543,1772.794514,0.015504924
1773.408046,0.014003614,1773.408046,0.015234995
1848.242485,0.014425369,1848.242485,0.01565675
1849.20393,0.014594782,1849.20393,0.015826163
1863.296969,0.014837127,1863.296969,0.016068508
1893.607319,0.014600043,1893.607319,0.015831424
1916.919107,0.015151288,1916.919107,0.016382669
1929.873858,0.015135477,1929.873858,0.016366858
1944.433507,0.014943674,1944.433507,0.016175055
1963.645801,0.013411871,1963.645801,0.014643252
1972.231716,0.014833174,1972.231716,0.016064555
2015.641879,0.015072107,2015.641879,0.016303488
2041.258528,0.015140111,2041.258528,0.016371492
2047.653097,0.015121909,2047.653097,0.01635329
2092.946065,0.014483057,2092.946065,0.015714438
2110.90763,0.014833504,2110.90763,0.016064885
2112.515823,0.014996683,2112.515823,0.016228064
2128.185285,0.014842345,2128.185285,0.016073726
2154.80221,0.015352548,2154.80221,0.016583929
2179.779518,0.014696707,2179.779518,0.015928088
2183.169637,0.015014489,2183.169637,0.01624587
2191.24775,0.014879403,2191.24775,0.016110784
2225.154437,0.016309728,2225.154437,0.017541109
2255.794987,0.015254795,2255.794987,0.016486176
2260.842137,0.015450214,2260.842137,0.016681595
2263.636217,0.015816584,2263.636217,0.017047965
2317.139497,0.015670627,2317.139497,0.016902008
2328.985549,0.015323201,2328.985549,0.016554582
2344.418303,0.015746991,2344.418303,0.016978372
2364.408645,0.016454213,2364.408645,0.017685594
2385.886681,0.01638516,2385.886681,0.017616541
2415.944898,0.016208695,2415.944898,0.017440076
2418.329781,0.016202997,2418.329781,0.017434378
2458.751494,0.015769356,2458.751494,0.017000737
2489.134022,0.015936754,2489.134022,0.017168135
2503.938747,0.016402648,2503.938747,0.017634029
2506.477591,0.016571509,2506.477591,0.01780289
2547.133977,0.016865413,2547.133977,0.018096794
2548.64923,0.016352828,2548.64923,0.017584209
2571.722288,0.01638295,2571.722288,0.017614331
2576.314359,0.016205563,2576.314359,0.017436944
2606.254045,0.016101258,2606.254045,0.017332639
2638.601858,0.017752834,2638.601858,0.018984215
2660.717519,0.016152816,2660.717519,0.017384197
2669.125365,0.017693097,2669.125365,0.018924478
2691.767301,0.016788047,2691.767301,0.018019428
2701.265484,0.017827583,2701.265484,0.019058964
2743.196238,0.018026848,2743.196238,0.019258229
2754.915788,0.018061552,2754.915788,0.019292933
2778.059981,0.018935006,2778.059981,0.020166387
2810.67197,0.018634612,2810.67197,0.019865993
2818.082338,0.018923431,2818.082338,0.020154812
2821.501467,0.017318131,2821.501467,0.018549512
2831.300372,0.018720766,2831.300372,0.019952147
2858.8081,0.019592051,2858.8081,0.020823432
2867.817639,0.019222847,2867.817639,0.020454228
2867.839517,0.018574351,2867.839517,0.019805732
2926.686204,0.020686059,2926.686204,0.02191744
2944.951969,0.019982711,2944.951969,0.021214092
2987.125087,0.015184487,2987.125087,0.016415868
,,,0.016399837
