x1,y1,x2,y2,x3,y3
22.50073396,0.014287217,24.08775325,0.013840707,28.40162631,0.015484596
23.73830417,0.014250995,27.74519851,0.014956097,33.01888637,0.016588057
25.4580005,0.012643715,28.22974633,0.012596885,35.60338998,0.015535919
28.25142748,0.015513883,35.39685142,0.013646535,39.53153772,0.013117578
38.46615433,0.015858824,47.64808536,0.015527573,44.87095774,0.015020688
73.16817465,0.014461318,72.33443437,0.01552835,67.91658797,0.014558199
75.88947567,0.015232228,74.9695668,0.014057991,79.27118904,0.016371229
77.57477905,0.014321003,84.87877345,0.014363487,81.83480202,0.014765953
109.3144374,0.014790201,99.53106538,0.01516999,108.4687884,0.015771786
111.996554,0.015071206,101.6347225,0.015142904,118.1946275,0.015630179
121.8292249,0.015561766,108.9041898,0.01455169,124.6872997,0.015847839
138.3530457,0.015256425,134.4147375,0.01533822,134.9306613,0.015172649
142.3299522,0.016007257,140.5447701,0.015721072,136.6710791,0.016506084
153.4095845,0.015011234,149.6807653,0.014838644,141.859706,0.015182351
154.7236295,0.015419341,158.6006346,0.015836414,161.0434464,0.015069754
167.0262,0.016028757,163.490678,0.013735591,170.2500496,0.016539937
171.2662059,0.013999303,172.7279434,0.014375124,191.7000164,0.015559979
187.9720034,0.014668907,184.7045395,0.01399724,198.5791316,0.014297271
219.7815393,0.01502611,231.7721094,0.015499274,222.3571034,0.015212399
229.7332842,0.015125519,231.8037955,0.01675115,225.360729,0.015850001
232.2942342,0.014461669,236.2595302,0.01512095,232.4885407,0.014618788
232.6874732,0.016293298,240.4729776,0.013901222,235.1854099,0.016479031
254.0479996,0.015834718,248.779779,0.015113562,263.4569638,0.016226556
258.3770465,0.014962243,255.5434152,0.015751966,270.0033234,0.015047809
258.8395328,0.015740821,270.716225,0.015292765,273.6609951,0.016647722
267.4385104,0.016479294,292.8734993,0.015818018,274.3876415,0.017069555
292.4265677,0.015491452,296.8071945,0.015826113,288.8675972,0.014824187
296.4371411,0.015761714,298.0427459,0.014911621,295.4813751,0.016724565
300.1976015,0.015065396,310.1859965,0.01609176,308.1559265,0.01618075
304.1532188,0.016215501,319.1330134,0.015576883,321.8199481,0.01505032
337.9651212,0.014888809,334.5264199,0.01492798,340.766007,0.015814989
348.1947917,0.015340877,343.369922,0.014704151,352.0457815,0.016296175
350.3063828,0.015248322,343.3935445,0.014665897,356.1446387,0.015574475
354.1533004,0.014662145,348.5478966,0.014622724,356.9978624,0.016341265
357.5174152,0.015703799,354.3119036,0.015789251,357.7992542,0.014973321
358.8117696,0.016360445,364.2439744,0.013843653,359.6260048,0.016050799
395.2932422,0.014775055,393.9115992,0.014460291,398.635121,0.015510644
400.0976977,0.016095283,405.9815788,0.015625446,399.2442801,0.016086558
409.1155049,0.015855578,407.461985,0.016905867,412.2271432,0.015862351
420.0160854,0.014982485,414.9324909,0.014788219,415.171757,0.015168113
421.1408938,0.014744273,420.8912074,0.014403262,420.0121331,0.015683997
437.9358219,0.016539159,421.7652779,0.016263722,436.4030689,0.01666053
445.3704261,0.014931468,433.6511166,0.014105314,451.057285,0.0151698
445.9372662,0.015192186,437.1576342,0.014588246,460.9146811,0.015493859
458.808935,0.016273428,439.893483,0.015211118,465.1251137,0.015638942
463.1851045,0.014600072,458.9997252,0.016028283,468.4822648,0.016759459
477.7651854,0.016013555,467.6491359,0.013915396,484.2975717,0.016907713
497.3584564,0.014670137,491.8741128,0.014145931,491.6407773,0.015010029
519.4369136,0.015122832,516.7602142,0.014664758,506.0019939,0.015394126
520.9193354,0.014888402,527.1056321,0.01478272,518.0652343,0.015491488
527.4765129,0.014984152,531.688694,0.014980688,533.2874344,0.015297417
532.2785123,0.01558633,542.6800355,0.015355876,535.7871867,0.015817959
562.0592643,0.015944052,553.2284436,0.013753726,569.4108498,0.014272113
565.1379929,0.01387385,566.1367983,0.015518688,573.4219353,0.015879499
571.0739504,0.015010448,566.2646222,0.015322543,575.7841308,0.015560005
587.4915444,0.014711145,576.531965,0.01553299,583.364189,0.01491956
588.7491486,0.015155188,588.4809478,0.01423023,587.1241823,0.015974318
596.2951561,0.015718147,596.5642689,0.015174615,609.9708394,0.015262261
617.1931865,0.014981777,614.2167474,0.013261955,615.6951424,0.015566009
637.3238993,0.01520998,646.7650914,0.015984891,634.5191679,0.015321586
652.1976115,0.015817943,653.8288538,0.015260154,653.0754055,0.01556373
653.2289008,0.015153715,654.6223811,0.014318936,655.2886928,0.0157651
666.3341328,0.01512522,666.1562952,0.016461294,664.1093139,0.015522451
670.8196522,0.01488281,674.3613385,0.015092075,664.5558685,0.015061232
680.965509,0.014580203,679.204792,0.015145311,680.9521602,0.016975886
686.2477476,0.016142946,681.3970931,0.014312911,682.4902285,0.015058179
704.4714642,0.014769273,718.5940593,0.016429997,702.2287964,0.015774481
706.2700793,0.016632627,720.5699306,0.014539571,712.6036725,0.015170569
713.1887027,0.015104534,724.8921577,0.014590982,713.4712459,0.016675013
730.8515113,0.014940763,729.5523264,0.014888449,735.7045532,0.016386144
735.4863748,0.014970085,736.188837,0.015060005,738.2618634,0.015912236
750.7400254,0.016139155,764.7813898,0.016028091,741.0567122,0.016703696
753.7736908,0.016492542,773.3127371,0.015917359,756.4981824,0.015735694
775.6830807,0.015806947,782.4606577,0.014187822,783.7759922,0.016082569
779.685448,0.015672797,784.1056092,0.016107866,784.5025098,0.016391306
786.4011684,0.015333392,793.1108475,0.016398059,792.3594694,0.016227064
792.1692016,0.016099463,802.4152377,0.015315628,797.7017896,0.016486283
795.9315761,0.015630953,804.3921492,0.014051027,804.2661444,0.016610357
809.2001602,0.015353125,809.1635232,0.014946267,806.8141113,0.015679694
828.250989,0.015693778,828.6009477,0.014881667,835.6950074,0.015871881
831.7762411,0.015619511,831.7007352,0.01501076,838.5704263,0.015818536
853.749812,0.015279988,837.4100428,0.015275684,851.0924288,0.01554972
859.1902412,0.016434871,850.8086687,0.016042963,870.6079509,0.016685014
864.9279092,0.016054884,865.085497,0.016265346,879.623698,0.016829492
877.8128498,0.015559509,867.5592582,0.014861184,879.6410768,0.015885805
890.9872856,0.016650683,890.8361154,0.017013091,910.3742491,0.016442549
908.7757795,0.015889519,914.3390401,0.016281637,929.8734612,0.015621394
924.3318954,0.015496071,923.6244272,0.015515669,932.8464563,0.016771516
933.9018563,0.015699008,933.8363915,0.014986414,935.9804867,0.016019991
936.8904377,0.015870825,938.0601084,0.015898604,939.5212349,0.015216428
947.236502,0.0153384,945.8006045,0.015597585,945.8149665,0.016122997
952.0943943,0.015569708,948.2904425,0.01610265,959.72422,0.01514503
965.3797816,0.015470134,957.27668,0.015193419,962.6813879,0.016063968
974.0917707,0.015283651,968.0437913,0.01548536,971.9467636,0.015499833
977.1554047,0.015976531,977.5625656,0.01541529,981.3033193,0.016001813
986.417907,0.016424152,979.7781899,0.014769528,989.2133517,0.016457269
1018.19651,0.017351694,1023.669243,0.016260318,1031.499083,0.017435829
1031.113451,0.016475504,1036.112562,0.015962499,1034.500255,0.017347149
1041.914569,0.016188069,1045.556209,0.016137895,1037.439357,0.01488274
1044.979603,0.014677148,1048.391858,0.015717559,1037.674261,0.016341521
1053.71935,0.015917935,1053.020683,0.013676228,1057.62952,0.01591741
1067.632175,0.01612508,1070.12795,0.015861048,1057.792713,0.016413549
1068.96553,0.015733148,1079.556684,0.016380804,1075.391456,0.016631784
1082.068753,0.015536133,1082.186389,0.015584489,1080.475226,0.015741528
1087.630695,0.016397477,1084.359359,0.016745833,1091.441749,0.016728613
1091.26112,0.016654884,1094.550832,0.016776742,1098.467084,0.015538356
1115.057495,0.015068615,1099.236337,0.014326825,1110.788103,0.016789885
1137.767868,0.016419132,1137.745541,0.015684302,1139.653273,0.01548799
1150.454318,0.015487983,1152.415971,0.015156428,1150.441368,0.016555655
1155.338189,0.015576703,1157.470501,0.015646275,1158.376803,0.016593609
1164.540573,0.015685892,1172.116128,0.015532595,1160.591594,0.016361931
1176.022594,0.016774804,1174.162412,0.01430762,1169.42247,0.01698399
1177.440571,0.016001532,1177.985369,0.016673349,1176.722205,0.015500521
1183.696706,0.015831933,1178.45899,0.01587472,1178.288119,0.016218557
1188.012381,0.015246352,1178.560857,0.015869488,1201.129329,0.015752989
1218.225417,0.016106712,1199.934015,0.016715009,1215.416083,0.016029244
1218.444535,0.016403598,1201.574582,0.014932591,1219.600374,0.017009522
1221.76682,0.015120687,1216.035353,0.014572009,1230.528545,0.015237529
1225.128681,0.0156639,1232.963738,0.015613035,1234.196194,0.016409047
1242.575359,0.015789677,1242.913383,0.016520622,1234.76759,0.015742578
1263.880065,0.016288758,1251.041567,0.01534483,1261.732514,0.016858997
1265.796984,0.015530538,1257.905353,0.015307146,1263.861598,0.016140662
1283.147782,0.015810465,1263.720337,0.015240633,1278.641927,0.01627713
1303.764639,0.015826351,1303.756441,0.01527819,1285.964906,0.016410253
1313.761359,0.015740823,1309.813889,0.015789375,1296.324635,0.016557437
1319.376283,0.015293792,1324.062941,0.01508961,1304.586247,0.014828219
1329.681214,0.015985021,1341.912269,0.015546292,1336.477416,0.01649967
1338.184113,0.016469295,1349.74898,0.015742829,1341.738801,0.016239016
1352.4055,0.015670121,1360.5345,0.015077107,1361.269505,0.015563969
1357.973949,0.016351561,1366.459484,0.016112748,1363.938164,0.015920004
1364.674277,0.014678201,1369.598198,0.014703867,1366.486971,0.016190946
1369.126074,0.015832709,1374.854333,0.014762472,1367.399591,0.016932121
1374.476216,0.016218588,1380.470326,0.015902876,1369.537563,0.01638891
1389.59496,0.015359685,1410.450911,0.014910762,1396.516607,0.015471041
1405.792958,0.015909211,1412.769076,0.014849642,1409.317922,0.016173612
1417.866813,0.015923892,1426.977919,0.01458321,1426.930406,0.017825557
1427.217537,0.015457494,1439.265861,0.016151911,1432.429812,0.016159932
1447.573323,0.015945911,1445.190276,0.016017394,1436.15531,0.015614556
1458.221193,0.016787968,1452.17495,0.016868144,1462.170498,0.015910453
1465.775404,0.015619085,1465.934399,0.016194892,1467.44114,0.016021077
1474.421215,0.015557844,1474.924484,0.014045084,1468.890296,0.015868699
1477.950316,0.015347406,1480.291547,0.014823065,1481.603591,0.015899928
1487.1177,0.015569905,1480.94748,0.015393956,1481.952339,0.017695276
1494.90221,0.01608784,1489.233903,0.014943481,1486.333878,0.016397152
1511.514025,0.015956815,1508.20298,0.015271823,1515.811584,0.01618191
1514.255901,0.01615476,1514.953751,0.013690418,1523.378472,0.016591191
1518.068539,0.01547871,1523.906458,0.015873424,1524.375605,0.016125523
1520.176046,0.015859051,1525.023128,0.016459206,1533.270647,0.015860243
1550.203305,0.014855568,1536.023612,0.014528013,1553.180545,0.015776383
1558.614187,0.016809546,1551.323691,0.016734654,1567.379931,0.016879811
1578.551216,0.015574795,1571.720864,0.016098091,1575.56506,0.016253406
1593.504639,0.015419339,1577.07944,0.015407012,1595.200591,0.015881249
1596.888314,0.016591501,1596.378907,0.016113027,1609.651329,0.017005563
1608.415258,0.015481839,1599.312118,0.014723818,1610.492468,0.015255411
1611.636559,0.015715532,1606.57852,0.016207207,1620.527099,0.016519389
1628.568102,0.015714002,1627.930111,0.015581612,1633.716133,0.015781522
1642.00661,0.016282623,1642.050558,0.01622012,1646.986184,0.016739311
1644.019556,0.015415802,1659.151823,0.015576508,1648.760065,0.016149789
1671.617413,0.015329187,1661.367982,0.015158771,1655.37277,0.016195301
1677.256807,0.016332066,1665.485297,0.015803934,1682.790382,0.017740266
1677.278819,0.015798807,1683.523614,0.016014708,1684.032889,0.016423099
1690.867968,0.015416749,1684.605464,0.015370009,1693.795371,0.015756939
1696.840341,0.016196645,1692.941339,0.015843051,1703.013702,0.016194959
1701.006475,0.015776835,1696.651852,0.014874954,1709.917859,0.016726465
1708.786038,0.015663808,1710.278466,0.014895484,1715.299849,0.015800855
1747.582437,0.015846108,1746.044039,0.015112517,1737.867079,0.016365512
1751.783942,0.015915936,1752.324965,0.015062482,1748.548434,0.016489104
1752.970284,0.01528204,1757.011217,0.015738526,1755.351656,0.015968924
1757.751514,0.015830746,1771.177662,0.016320894,1762.996757,0.01587683
1772.511222,0.016344584,1772.943035,0.016258127,1765.450952,0.016986115
1796.102867,0.015623397,1777.009415,0.015074864,1784.016152,0.016584013
1797.704796,0.015475238,1796.471235,0.016083414,1801.403502,0.01600025
1808.563063,0.016758413,1816.055504,0.014685966,1801.873813,0.01646772
1816.58218,0.015225752,1818.872171,0.017245617,1803.231473,0.016225073
1822.583382,0.015551653,1823.37111,0.014906164,1805.29444,0.016185577
1829.148306,0.016048499,1835.613004,0.015935611,1844.350569,0.016694607
1840.744881,0.01555079,1841.9154,0.015155823,1857.819436,0.015950491
1842.956805,0.015796158,1855.431347,0.014057746,1867.996439,0.016609229
1877.040661,0.016529978,1869.55884,0.015757221,1875.507043,0.015967545
1877.267582,0.014936624,1879.779033,0.015265856,1885.786621,0.016222872
1885.337226,0.016035666,1898.815889,0.016121657,1886.632199,0.015638725
1895.957111,0.016206977,1899.067059,0.01477633,1910.583917,0.015539959
1907.477377,0.015028765,1905.631848,0.015740736,1911.08711,0.015575959
1909.900036,0.016169181,1908.474046,0.014983406,1914.131786,0.015762839
1922.810596,0.016157559,1915.799681,0.016251999,1919.428469,0.016665117
1926.881789,0.01553379,1921.105525,0.0157114,1930.742699,0.016818063
1928.677523,0.015286357,1932.818371,0.015646077,1933.680303,0.015319189
1942.77746,0.016031218,1939.062849,0.015343074,1945.315758,0.017048976
1969.371197,0.015727969,1947.080621,0.015337426,1958.658388,0.017469189
1976.303595,0.016090839,1963.494769,0.01604781,1970.711375,0.015953563
1986.391912,0.016592799,1967.331916,0.016324818,1980.544977,0.016124394
1995.141972,0.015285634,1999.475462,0.015280412,1987.162805,0.015176617
2005.733154,0.015452085,2018.377765,0.014843033,2009.336357,0.015733478
2018.540593,0.015862441,2018.406464,0.016063114,2010.162562,0.01528022
2036.830017,0.015839581,2031.298305,0.015581998,2027.963631,0.01615299
2043.035282,0.015401701,2040.78882,0.014815301,2033.77327,0.015288618
2047.82803,0.016428474,2048.999374,0.016111081,2035.376785,0.016809476
2057.629768,0.015890387,2057.254262,0.016629883,2041.205027,0.016290107
2078.890132,0.015294604,2078.388227,0.016938777,2082.77938,0.016888775
2082.22322,0.016150643,2095.379351,0.014919126,2088.46256,0.015695763
2088.013646,0.015445548,2095.432238,0.014659872,2099.805334,0.017263421
2111.198892,0.015739509,2103.830616,0.016367561,2116.691427,0.015921109
2114.862698,0.016167904,2118.875575,0.014902109,2125.675332,0.01663164
2118.904111,0.016460221,2124.334052,0.015997673,2128.041632,0.015845846
2132.667748,0.015025797,2137.659655,0.014525783,2135.835866,0.016816665
2150.97954,0.015477834,2138.716581,0.014042697,2139.237577,0.015854877
2158.201202,0.015899459,2157.859079,0.015122195,2150.169609,0.015195101
2169.67756,0.015399617,2167.688366,0.016719977,2155.118094,0.016269931
2169.767142,0.016707203,2178.790501,0.015420294,2166.503615,0.016355388
2181.212443,0.015811171,2181.134175,0.016365493,2178.068889,0.016830753
2196.303093,0.015298301,2186.450566,0.015301391,2182.828082,0.016123236
2196.394948,0.015766345,2196.057754,0.015600205,2200.080827,0.016342244
2216.321369,0.01623215,2208.199149,0.014992177,2231.359423,0.016240085
2227.381823,0.015714467,2220.13075,0.016753904,2233.034379,0.016803463
2229.825079,0.015709725,2252.748024,0.015915672,2234.511219,0.016166366
2243.957318,0.016160647,2253.264686,0.014346625,2248.970681,0.016942078
2258.110865,0.015574636,2257.820703,0.016058235,2252.604087,0.01533605
2262.847857,0.014893445,2276.674787,0.014720924,2257.449934,0.0161872
2273.299235,0.016082444,2282.557177,0.016643201,2260.234504,0.016566657
2291.916598,0.01650941,2284.368365,0.017304864,2282.517583,0.015393411
2293.98996,0.014955669,2303.561559,0.014929092,2289.831236,0.016816971
2317.167714,0.016442239,2313.847555,0.016944722,2299.19503,0.017118803
,,,,,
,0.015629918,,0.015367133,,0.016030081
